sell1,shinyjs-delay-a1ff8218b3c49b5fab80202d7c1e3ce9,sell2,d1adaptExpend,simStart,premiumCost,user.ID,shinyjs-delay-8c4e6a3739f7697fc7203b67eee9e9ae,shinyjs-delay-b945a0d40ffc696df19f9c202bf958a7,infocash,year1Summer,herdetails,operatingCosts,cowRevenues,d2adaptExpend,year1Start,infonet,infohealth,shinyjs-delay-fc684fcd8cf3e65a1269348344008f3d,herdval,calves2Sale,cow1Sale,shinyjs-delay-f41f973568b961c3c698d86574bd9c51,shinyjs-delay-aaf00fc73a11a84356a69d911e6364ba,insuranceDeposit1,insurancePremium1,insuranceDeposit2,year2Summer,insurancePremium2,yearlingdesc,mainPanels,year2Start,extraFeedCost,rainInsurance,nextBtn,insCont1,shinyjs-delay-835f34737994e730617e13c5441fdd1a,insCont2,saveInputs,infocows,totalProfits,calfdesc,infocalves,cow2Sale,insurance,calves1Sale,Precipitation,shinyjs-delay-605edb9fe71f85ee0edf7479efc75337
1,100,1,0,1,0,dfgsdfg667,100,100,0,1,0,0,0,0,1,0,0,100,0,388,103,100,100,,,,1,,0,Ranch Simulation,1,0,0,1,1,10,1,1,0,0,0,0,103,0,382,0,10
10,1,1,100,0,1,0,final test,0,1,0,0,0,0,1,0,100,0,100,0,10,388,103,,,,1,,0,Ranch Simulation,1,0,0,1,100,1,100,1,1,0,0,0,0,103,0,100,382,0
sell1,shinyjs-delay-12d660c1383024a84957a719bb6e1469,sell2,d1adaptExpend,simStart,premiumCost,user.ID,shinyjs-delay-fdd3e1bfd190505190c99da8289f9558,infocash,year1Summer,herdetails,shinyjs-delay-124e12e55f64667926db8ea8c56a9043,operatingCosts,cowRevenues,d2adaptExpend,year1Start,infonet,infohealth,herdval,calves2Sale,cow1Sale,insuranceDeposit1,insurancePremium1,insuranceDeposit2,year2Summer,insurancePremium2,yearlingdesc,mainPanels,shinyjs-delay-80048acc28f68db6886a3186433db953,extraFeedCost,year2Start,shinyjs-delay-87932c26da6892cb8b5a261e45175a45,rainInsurance,nextBtn,insCont1,shinyjs-delay-ab26c9273dd279af3e0134b4e107d67b,insCont2,saveInputs,infocows,totalProfits,calfdesc,infocalves,cow2Sale,shinyjs-delay-d9bc1c16642242c01902daa601ea4e3e,insurance,shinyjs-delay-8f4b4f104c75a360890370f998ae2ee5,calves1Sale,Precipitation
1,100,1,0,1,0,456456456,100,0,1,0,10,0,0,0,1,0,0,0,388,103,,,,1,,0,Ranch Simulation,100,0,1,100,0,1,1,100,1,1,0,0,0,0,103,100,0,10,382,0
insurancePremium4,insurancePremium10,insurancePremium5,insurancePremium6,insurancePremium7,rainInsurance,shinyjs-delay-f5c40bc93bc6a1fe34f851f10f708aba,insurancePremium8,shinyjs-delay-775b49aede098959d8b15d6b9ac28910,mainPanels,insurancePremium9,shinyjs-delay-c0f99d6f5a4b3b7806f0c51073828cce,shinyjs-delay-dc8f6ce2e7efe592be180bba97bd80e2,shinyjs-delay-63f94efc0754a5f5ce49b34617fee7e4,dprac1adaptExpend,herdval,year3Start,d8adaptExpend,year7Summer,shinyjs-delay-e63a19ef4335a899f0981b4da720a819,dprac2adaptExpend,shinyjs-delay-d0c3ab46af0a1f2ca74f7776b1eba1e2,sellprac1,sellprac2,shinyjs-delay-16d44bc6c5c1e3d9fb72104226768be2,calves9Sale,cow7Sale,operatingCosts,shinyjs-delay-67622259f055befe9d1ca05ee067fc61,d10adaptExpend,cow2Sale,shinyjs-delay-50b8ec8bd09271f8ca5e686e83dc93c5,calves6Sale,shinyjs-delay-2bf13047f6beecd5d8095f65a3d47980,shinyjs-delay-766888faf4c493bcf127f77fc6da1ddf,shinyjs-delay-a79084e814e48b0aaa20c560590b8904,herdetails,insCont10,year9Summer,shinyjs-delay-5d9efd89f7f78c5a69b50618b1227366,shinyjs-delay-b4a32c0f924dbf2d19b9725141b8f539,shinyjs-delay-a394577919024f24b930f4fec8a2ee8f,d3adaptExpend,extraFeedCost,year6Start,year2Summer,user.ID,shinyjs-delay-bdad0ed9c0954f3a5b1e3fe6b1858e81
,,,,,0,100,,10,Ranch Simulation,,100,100,100,300,0,1,0,1,10,0,100,1,1,100,376,101,0,100,0,103,100,379,100,100,10,0,1,1,100,10,100,0,0,1,1,,10
year2Summer,infocalves,calfdesc,nextBtnprac,mainPanels,operatingCosts,dprac1adaptExpend,pracStart,year1Start,premiumCost,cow2Sale,shinyjs-delay-80176e8121b5eb1fe704ccaa6322dddf,sellprac1,insContprac1,shinyjs-delay-b3600a0993d7ba4ef02448990512e801,sellprac2,insContprac2,shinyjs-delay-37b225320d0c07aabb0faa5a712e59cb,shinyjs-delay-5dcd6f8854bcd23e374193641e83ded3,herdetails,extraFeedCost,year2Start,dprac2adaptExpend,calves2Sale,rainInsurance,shinyjs-delay-7ab5103524861fa3be3bd45d9749ff6f,infocash,shinyjs-delay-f199419ecaf780c5e065b651bc1ba7f9,herdval,insurancePremiumprac1,insurancePremiumprac2,year1Summer,infocows,totalProfits,yearlingdesc,shinyjs-delay-5e07dacc081a08739ff4b3236ede5f9c,cowRevenues,infonet,shinyjs-delay-9bc972f0dc77ba2995b0433d95ac7f1d,shinyjs-delay-dad755b32160b00442f7b1044a8fd0dd,user.ID,shinyjs-delay-16e31dd025f17c18875da26f1943528d,calves1Sale,insurance,cow1Sale,shinyjs-delay-04b793dc3de44d319f37922d0efe914e,shinyjs-delay-0e04572290d26ac30dd0b51130ca659e,infohealth
1,0,0,1,Practice Simulation,0,0,1,1,0,103,100,1,1,100,1,1,100,10,0,0,1,0,396,0,100,0,100,0,,,1,0,0,0,100,0,0,100,100,765,100,396,0,103,10,100,0
year2Summer,infocalves,calfdesc,nextBtnprac,mainPanels,operatingCosts,dprac1adaptExpend,pracStart,year1Start,premiumCost,cow2Sale,shinyjs-delay-80176e8121b5eb1fe704ccaa6322dddf,sellprac1,insContprac1,shinyjs-delay-b3600a0993d7ba4ef02448990512e801,sellprac2,insContprac2,shinyjs-delay-37b225320d0c07aabb0faa5a712e59cb,shinyjs-delay-5dcd6f8854bcd23e374193641e83ded3,herdetails,simStart,extraFeedCost,year2Start,dprac2adaptExpend,calves2Sale,rainInsurance,shinyjs-delay-7ab5103524861fa3be3bd45d9749ff6f,infocash,shinyjs-delay-f199419ecaf780c5e065b651bc1ba7f9,herdval,insurancePremiumprac1,insurancePremiumprac2,year1Summer,infocows,totalProfits,yearlingdesc,shinyjs-delay-5e07dacc081a08739ff4b3236ede5f9c,cowRevenues,infonet,shinyjs-delay-9bc972f0dc77ba2995b0433d95ac7f1d,shinyjs-delay-dad755b32160b00442f7b1044a8fd0dd,user.ID,shinyjs-delay-16e31dd025f17c18875da26f1943528d,calves1Sale,insurance,cow1Sale,shinyjs-delay-04b793dc3de44d319f37922d0efe914e,shinyjs-delay-0e04572290d26ac30dd0b51130ca659e
1,0,0,1,Practice Simulation,0,0,1,1,0,103,100,1,1,100,1,1,100,10,0,0,0,1,0,396,0,100,0,100,0,,,1,0,0,0,100,0,0,100,100,765,100,396,0,103,10,100
year2Summer,infocalves,calfdesc,nextBtnprac,mainPanels,operatingCosts,dprac1adaptExpend,pracStart,year1Start,premiumCost,cow2Sale,shinyjs-delay-80176e8121b5eb1fe704ccaa6322dddf,sellprac1,insContprac1,shinyjs-delay-b3600a0993d7ba4ef02448990512e801,sellprac2,insContprac2,shinyjs-delay-37b225320d0c07aabb0faa5a712e59cb,shinyjs-delay-5dcd6f8854bcd23e374193641e83ded3,herdetails,simStart,extraFeedCost,year2Start,dprac2adaptExpend,calves2Sale,rainInsurance,shinyjs-delay-7ab5103524861fa3be3bd45d9749ff6f,infocash,shinyjs-delay-f199419ecaf780c5e065b651bc1ba7f9,herdval,insurancePremiumprac1,insurancePremiumprac2,year1Summer,infocows,totalProfits,yearlingdesc,shinyjs-delay-5e07dacc081a08739ff4b3236ede5f9c,cowRevenues,infonet,shinyjs-delay-9bc972f0dc77ba2995b0433d95ac7f1d,shinyjs-delay-dad755b32160b00442f7b1044a8fd0dd,user.ID,shinyjs-delay-16e31dd025f17c18875da26f1943528d,calves1Sale,insurance,cow1Sale,shinyjs-delay-04b793dc3de44d319f37922d0efe914e,shinyjs-delay-0e04572290d26ac30dd0b51130ca659e
1,0,0,1,Practice Simulation,0,0,1,1,0,103,100,1,1,100,1,1,100,10,0,1,0,1,0,396,0,100,0,100,0,,,1,0,0,0,100,0,0,100,100,765,100,396,0,103,10,100
shinyjs-delay-f950191440066fba1f6b0675f5afc211,shinyjs-delay-755f1637ce4de47a50b928e809d0a80b,year2Summer,savePracInputs,infocalves,calfdesc,nextBtnprac,mainPanels,operatingCosts,dprac1adaptExpend,pracStart,year1Start,premiumCost,cow2Sale,shinyjs-delay-264a6766152d1bc28fec580856475bde,sellprac1,insContprac1,shinyjs-delay-1bf8606820f29b3434bca29382e334e2,sellprac2,insContprac2,herdetails,simStart,extraFeedCost,year2Start,dprac2adaptExpend,rainInsurance,calves2Sale,shinyjs-delay-c1526e180a3a6d7f51bb700fd1fcf15e,shinyjs-delay-6ec085579b4ca0643e88727db15f75cf,shinyjs-delay-c27cf2214c7df3c4afa8d94a8d5f9657,infocash,herdval,shinyjs-delay-35f3233c2fa5d754abfa3e9204455c30,insurancePremiumprac1,shinyjs-delay-53eb5ff0e84ecf80774e0de365343eda,insurancePremiumprac2,year1Summer,infocows,totalProfits,yearlingdesc,shinyjs-delay-b91d505b5f8a62536e950043a771e193,cowRevenues,shinyjs-delay-8e7474a07b965e0bdb5e4f2f73863113,infonet,user.ID,calves1Sale,insurance,cow1Sale
100,100,1,1,0,0,1,Practice Simulation,0,0,1,1,0,103,10,1,1,100,1,1,0,0,0,1,0,0,396,100,100,10,0,0,100,,100,,1,0,0,0,100,0,100,0,newtest,396,0,103
year2Summer,shinyjs-delay-c47f84c4e232dc2a871a4c06a8926f2b,savePracInputs,infocalves,calfdesc,nextBtnprac,mainPanels,operatingCosts,dprac1adaptExpend,pracStart,year1Start,premiumCost,cow2Sale,shinyjs-delay-16738314fc608372191c031b05d6d699,sellprac1,insContprac1,shinyjs-delay-0dc324789104b2982149e73bc6b6c072,sellprac2,insContprac2,herdetails,shinyjs-delay-d371a5bc839a4b53d8878b92a9373b7c,simStart,extraFeedCost,year2Start,dprac2adaptExpend,shinyjs-delay-0b6aec5232a35d358e4fec6138390875,rainInsurance,calves2Sale,infocash,herdval,insurancePremiumprac1,shinyjs-delay-6ed857e760c3e4a94a5c3ce333430e11,insurancePremiumprac2,year1Summer,totalProfits,infocows,yearlingdesc,cowRevenues,shinyjs-delay-7156a1e261d5148ae65d9d82170074c3,infonet,user.ID,shinyjs-delay-bb1927590d577efd57411c53d22d77ad,calves1Sale,insurance,cow1Sale,shinyjs-delay-8328acb6822c81ba2a993445aca8c3d5,shinyjs-delay-e018ce43716229a00debc32444b7a156,shinyjs-delay-f6743731b1992750c370d03ec9cd8e96
1,100,1,0,0,1,Practice Simulation,0,0,1,1,0,103,100,1,1,100,1,1,0,100,0,0,1,0,10,0,396,0,0,,100,,1,0,0,0,0,10,0,practtest2,100,396,0,103,100,100,100
year2Summer,savePracInputs,infocalves,calfdesc,nextBtnprac,mainPanels,operatingCosts,dprac1adaptExpend,pracStart,year1Start,premiumCost,cow2Sale,shinyjs-delay-f01c28acf933dfd5cd3b53c1c1009026,sellprac1,shinyjs-delay-0dcd35846008b3c5ec461e2fa3d4f68a,insContprac1,shinyjs-delay-abcf26fbd592cace5fd2d929306e3001,shinyjs-delay-49a7ac515ebaf893c17a530d15202ccb,sellprac2,insContprac2,shinyjs-delay-ce24a17d024b739fda04fb7d399e40cc,shinyjs-delay-43fc7708ec94c1c5bf8a1d0c550912dc,herdetails,simStart,extraFeedCost,year2Start,dprac2adaptExpend,shinyjs-delay-27c761729d0ad66f840c69908c32c6e4,rainInsurance,calves2Sale,infocash,herdval,insurancePremiumprac1,shinyjs-delay-0a4e49708e817e9b40bc009d7682f301,insurancePremiumprac2,year1Summer,totalProfits,infocows,yearlingdesc,cowRevenues,shinyjs-delay-5590d0539ebb1f6a0bd071279d2ed45d,infonet,user.ID,calves1Sale,insurance,shinyjs-delay-1c3a6ee444650a97a0a4fe86ba0c2a0e,cow1Sale,shinyjs-delay-d0cbe5ad6b77f7631982e6df4837f437
1,1,0,0,1,Practice Simulation,0,0,1,1,0,103,10,1,100,1,100,100,1,1,100,100,0,0,0,1,0,100,0,396,0,0,,10,,1,0,0,0,0,100,0,test of inputs,396,0,100,103,100
shinyjs-delay-6c7d6158a822c417b3509a92277957ea,year2Summer,shinyjs-delay-1a9a3638ba35f44b42a1f5e1301c5f8c,infocalves,calfdesc,nextBtnprac,savePracInputs,mainPanels,operatingCosts,dprac1adaptExpend,pracStart,year1Start,premiumCost,cow2Sale,shinyjs-delay-a83d7c0d4ac571b8d793208e55260b7e,shinyjs-delay-49f64c6add6d15a409cbb59cdba0dfe8,sellprac1,insContprac1,sellprac2,insContprac2,shinyjs-delay-fc45f75a3922ff83c6fd317343c31c23,shinyjs-delay-def552bbc0a419ce4fd86a0a7fe8d89c,herdetails,simStart,extraFeedCost,year2Start,dprac2adaptExpend,rainInsurance,calves2Sale,infocash,herdval,insurancePremiumprac1,insurancePremiumprac2,year1Summer,shinyjs-delay-9fa3c198b3595947faad8f5bf948c6fb,shinyjs-delay-b8b2e18092fb1dfa1687819ce1372132,totalProfits,infocows,shinyjs-delay-911875cb428d048199d9b58700696bf3,yearlingdesc,cowRevenues,infonet,shinyjs-delay-48b135ab0cf0ca7fedbcf3559a9097b4,user.ID,calves1Sale,insurance,cow1Sale,shinyjs-delay-fec6e2d5aeb930cc29ca4a32b0541c56
100,1,100,0,0,1,1,Practice Simulation,0,0,1,1,0,103,100,100,1,1,1,1,100,10,0,0,0,1,0,0,396,0,0,,,1,100,100,0,0,100,0,0,0,10,,396,0,103,100
shinyjs-delay-f15c9f38323e888f6e1f7ceaeeed27ca,year2Summer,savePracInputs,infocalves,calfdesc,nextBtnprac,mainPanels,operatingCosts,shinyjs-delay-691260bb5693e6309a64f1000488651c,dprac1adaptExpend,pracStart,year1Start,premiumCost,cow2Sale,shinyjs-delay-ed422d9572824b843cebf090f32e5ae8,sellprac1,insContprac1,sellprac2,insContprac2,shinyjs-delay-684fca05d6f7391b00984cdd6a4d1e33,herdetails,extraFeedCost,year2Start,dprac2adaptExpend,calves2Sale,rainInsurance,shinyjs-delay-375073a629e2d8c9b889423498b7594f,shinyjs-delay-ad15acca00e10698fcf76a083e3d52bf,shinyjs-delay-f41be9965ecf98eff37453134848dde8,infocash,herdval,shinyjs-delay-88a402a30fc195eac5352d487f0f7320,insurancePremiumprac1,shinyjs-delay-8ef26da1f0c58f18a4033a61f382c001,insurancePremiumprac2,year1Summer,shinyjs-delay-a6772df63011f59d76e6f6ebedc5cffb,totalProfits,infocows,yearlingdesc,cowRevenues,infonet,user.ID,calves1Sale,insurance,shinyjs-delay-a79583adc27c4fa188f408aadfd96fa5,cow1Sale,shinyjs-delay-d0e3b5b5a1bd18767ed245b368c2afbe
100,1,1,0,0,1,Practice Simulation,0,100,0,1,1,0,103,100,1,1,1,1,100,0,0,1,0,396,0,100,100,10,0,0,100,,100,5655,1,100,0,0,0,0,0,,396,0,100,103,100
shinyjs-delay-ca34a7722ccfbbac65ba1cc49b792b71,shinyjs-delay-1ded5fc7dde0b1f4c7aab61a8823cf11,year2Summer,savePracInputs,infocalves,calfdesc,nextBtnprac,mainPanels,operatingCosts,dprac1adaptExpend,pracStart,shinyjs-delay-ac708ba3899a4296f13bf56f452f9ef4,year1Start,premiumCost,shinyjs-delay-7ec1d709d24810025dfcfd5d52cf45dd,cow2Sale,shinyjs-delay-0fef62ffeadbfe3664ed33e756684506,sellprac1,insContprac1,shinyjs-delay-1b65243f35c1c78dd8f22f362e04166a,shinyjs-delay-70646a066becf234e485984723e6a601,sellprac2,insContprac2,shinyjs-delay-a27df2ef1cb8f35adaadb8e2fedf2da3,herdetails,extraFeedCost,year2Start,dprac2adaptExpend,shinyjs-delay-43592a76f4fff8aeb9d050940167ff5d,rainInsurance,calves2Sale,infocash,shinyjs-delay-78efebd2e7a3a25a627ae069afd42249,herdval,shinyjs-delay-c6eacf6fdc0915914b180afe9276fe10,insurancePremiumprac1,insurancePremiumprac2,shinyjs-delay-3e1fcf6bf986af0ef05cd9cc8f76cb7b,year1Summer,totalProfits,infocows,yearlingdesc,cowRevenues,infonet,user.ID,calves1Sale,insurance,cow1Sale
100,100,1,1,0,0,1,Practice Simulation,0,0,1,100,1,0,100,103,100,1,1,10,100,1,1,100,0,0,1,0,100,0,396,0,10,0,100,,5655,100,1,0,0,0,0,0,,396,0,103
year2Summer,savePracInputs,infocalves,calfdesc,nextBtnprac,shinyjs-delay-b9ddd612049e4da174ff89fb000dd203,mainPanels,operatingCosts,dprac1adaptExpend,pracStart,year1Start,premiumCost,cow2Sale,shinyjs-delay-f55b9097c28da0af89d7f595fb3c905e,shinyjs-delay-b0e4fcaa318398e4aa89f9ece3d5560f,shinyjs-delay-00b7c0ec42a50a57ddaa67181e009e09,sellprac1,shinyjs-delay-20b1d60906a67827528dc23308594c61,insContprac1,sellprac2,insContprac2,herdetails,extraFeedCost,year2Start,dprac2adaptExpend,shinyjs-delay-5e80f392ad9393fe95e60d236059337d,rainInsurance,calves2Sale,infocash,shinyjs-delay-6866bca7f7d948ddb69c168643f61e29,shinyjs-delay-6f747a053e2305a93010436d4da1cce9,herdval,shinyjs-delay-f306f7b3a88f42c9688231722a87d53a,insurancePremiumprac1,insurancePremiumprac2,shinyjs-delay-03697521cdfe084a88348937f9aef42b,year1Summer,infocows,totalProfits,yearlingdesc,cowRevenues,shinyjs-delay-88f39968cb4f71afccc8d83fb0949b4c,infonet,user.ID,calves1Sale,insurance,cow1Sale,infohealth
1,1,0,0,1,10,Practice Simulation,0,0,1,1,0,103,10,100,100,1,100,1,1,1,0,0,1,0,100,0,396,0,100,100,0,100,,,100,1,0,0,0,0,100,0,500,396,0,103,0
shinyjs-delay-7ab6138c3e8d89525e791f6134c2a29a,year2Summer,shinyjs-delay-ff275fe3e2679a2e77d1e7d215b6b3a2,savePracInputs,infocalves,calfdesc,nextBtnprac,mainPanels,shinyjs-delay-391d4f66a4ebbcccdd5eb7ec8e096773,operatingCosts,dprac1adaptExpend,pracStart,year1Start,premiumCost,cow2Sale,shinyjs-delay-f4767c105d6290573d10a2d4f34246af,shinyjs-delay-b0deee0d26aa4bc7f5b16eccf9cb2bc7,shinyjs-delay-06a12a2d11cc5c05928676f487bd7079,sellprac1,insContprac1,sellprac2,insContprac2,herdetails,extraFeedCost,year2Start,dprac2adaptExpend,shinyjs-delay-159589f37718abb5399b9dc94c1c7fc5,rainInsurance,calves2Sale,infocash,shinyjs-delay-0c8a78a5c714747c6817fd581ea04169,herdval,insurancePremiumprac1,shinyjs-delay-3fd76225a1f1df2fda2fea818aa7ac4a,insurancePremiumprac2,year1Summer,totalProfits,infocows,yearlingdesc,cowRevenues,shinyjs-delay-07830350f4837e4f6c3ac30264c19b7d,shinyjs-delay-c7805c649172677105941db1eb9076d4,infonet,user.ID,calves1Sale,insurance,cow1Sale,shinyjs-delay-11a42d7c316e12ee113f5f5f453c01a7
100,1,100,1,0,0,1,Practice Simulation,100,0,0,1,1,0,103,10,100,100,1,1,1,1,0,0,1,0,100,0,396,0,100,0,0,10,,1,0,0,0,0,100,100,0,200000000,396,0,103,100
shinyjs-delay-cc8af6365b5e5fdc135ad30eb0280dca,shinyjs-delay-651c14607f1e9901fd7342352e5c87a4,premiumCost,user.ID,shinyjs-delay-90c924e8767d299c342fac197de666a7,infocash,shinyjs-delay-06e379461eb1ef5790e6632f20f4d531,insContprac1,insContprac2,year1Summer,herdetails,operatingCosts,cowRevenues,shinyjs-delay-76154940df1b88334e3af3b87a1c4a7d,year1Start,shinyjs-delay-1799ef529724a168765c2941ad3d91fd,infonet,infohealth,shinyjs-delay-19730cbd1d90e741f0173a9fd70d838c,dprac2adaptExpend,herdval,calves2Sale,cow1Sale,shinyjs-delay-8ea3ebd5938af75b1d8c68f6deeb7307,year2Summer,yearlingdesc,mainPanels,year2Start,extraFeedCost,pracStart,rainInsurance,shinyjs-delay-e53d380e2d8a55197c24066579ec573e,shinyjs-delay-2dfdad39d73762d977ca80fae377c450,sellprac1,shinyjs-delay-018a2394b6dce806a2eb352ba1e36022,sellprac2,savePracInputs,nextBtnprac,infocows,totalProfits,calfdesc,infocalves,dprac1adaptExpend,cow2Sale,calves1Sale,Precipitation,shinyjs-delay-af6c4fdb7f413baf222578b190134b17,
100,10,0,2000000,100,0,100,1,1,1,0,0,0,100,1,100,0,0,100,0,0,396,103,100,1,0,Practice Simulation,1,0,2,0,10,100,1,100,1,1,1,0,0,0,0,0,103,396,0,100,
premiumCost,user.ID,shinyjs-delay-3c01fe7fbeb7b7e0821754572d62e23d,infocash,insContprac1,insContprac2,shinyjs-delay-4e0dc84e49288cb09bdaf706dd200e82,year1Summer,shinyjs-delay-c90f3a9a2e2859576c69faa78569c14b,herdetails,operatingCosts,cowRevenues,year1Start,infonet,shinyjs-delay-2d53ee6a977739ec444a9397041040f7,infohealth,dprac2adaptExpend,herdval,calves2Sale,cow1Sale,shinyjs-delay-4fb1cf5baad15a07c7060fad72bbd560,shinyjs-delay-93cae1339057822599366d06e28abb89,year2Summer,yearlingdesc,mainPanels,year2Start,extraFeedCost,pracStart,shinyjs-delay-35f9fa4a61bdd21516bcd51be3b33c04,shinyjs-delay-3fdb29331834774cc192e2155eeef10e,rainInsurance,sellprac1,insurancePremiumprac1,sellprac2,insurancePremiumprac2,savePracInputs,nextBtnprac,infocows,totalProfits,calfdesc,infocalves,shinyjs-delay-144daa819cfced35d98050918280c91d,dprac1adaptExpend,shinyjs-delay-b8e7a8f6992818be6fe926107a97dbd5,cow2Sale,insurance,shinyjs-delay-6ec596bdedc220f83d928b59f3a61555,calves1Sale
0,1000000,10,0,1,1,100,1,100,0,0,0,1,0,100,0,0,0,350,173,100,100,1,0,Practice Simulation,1,0,1,100,100,0,1,0,1,0,1,1,0,0,0,0,100,5000,100,91,0,10,396
shinyjs-delay-7a59fb98c4b573810ce64c961ae23128,yearprac1Summer,simStart,shinyjs-delay-70a0cf4bbc31baaced93d92bcd17d22d,user.ID,infocash,insContprac1,insContprac2,herdetails,shinyjs-delay-b7b374b84c5bf3b218b0fb27ec681614,infonet,shinyjs-delay-e1adc2ac387a1845ff3b12dd7f6cc48e,infohealth,yearprac2Summer,herdval,yearprac1Start,dprac2adaptExpend,calvesprac1Sale,cowprac1Sale,yearlingdesc,mainPanels,pracStart,shinyjs-delay-e384899b1c16d677786717e4f537e28e,sellprac1,insurancePremiumprac1,sellprac2,insurancePremiumprac2,savePracInputs,nextBtnprac,infocows,calfdesc,infocalves,yearprac2Start,dprac1adaptExpend,cowprac2Sale,calvesprac2Sale,insurance,Precipitation,shinyjs-delay-eeac3d9f077b8a510956531e0e914897,shinyjs-delay-118882c2b9fec5c6f130394746a03167,shinyjs-delay-df8c5db15a2fd8cea9ff1ca5cfa58447,,,,,,,
100,1,0,100,1234789,0,1,1,0,100,0,100,0,1,0,1,0,396,103,0,Practice Simulation,2,100,1,,1,,1,1,0,0,0,1,0,103,396,0,0,100,10,10,,,,,,,
dprac5adaptExpend,sellprac4,infonet,sellprac5,shinyjs-delay-d64e5c3c2d4f62891344ecf49a7e0a13,yearprac1Summer,cowprac3Sale,insContprac1,insContprac2,yearprac4Summer,insContprac3,yearprac4Start,insContprac4,insContprac5,calvesprac2Sale,cowprac2Sale,shinyjs-delay-a34c3322d6423d63e27294b784f52066,yearprac1Start,dprac2adaptExpend,shinyjs-delay-b021c13c32d19cb567e4f97f6a658eac,infohealth,shinyjs-delay-9274a0f8d12838e790f2db402dde6854,shinyjs-delay-3783d70cad96016498581dd0b3fcbad0,calvesprac5Sale,yearprac3Summer,savePracInputs,infocows,yearprac5Start,calvesprac1Sale,cowprac1Sale,shinyjs-delay-c404105bbb55eef6d235e0f1695a57a9,shinyjs-delay-9f169b88d245290bad7a9ff6018d4356,herdetails,shinyjs-delay-53a8377791673396a9a957430a1b3b6c,nextBtnprac,yearprac2Start,dprac3adaptExpend,shinyjs-delay-05b8805faa1d067a1c63c91449d2a63d,shinyjs-delay-4b9921fa1cd5c4c514197a766d6f80f4,insuranceDepositprac1,insuranceDepositprac3,insuranceDepositprac4,user.ID,cowprac5Sale,calvesprac4Sale,insurancePremiumprac1,insurancePremiumprac2,insurancePremiumprac3
0,1,0,1,100,1,103,1,1,1,1,1,1,1,396,103,100,1,0,10,0,100,100,396,1,1,0,1,396,103,100,100,0,100,1,1,0,100,10,,,,1000000,103,374,,5655,
yearprac1Summer,shinyjs-delay-8628136154aeae5327424b77e3e86e9c,simStart,user.ID,shinyjs-delay-bc1d9b76e22181d7c4a550f9337624ae,infocash,shinyjs-delay-f805dbd8dc55d69b5dc07082cb66d0a0,insContprac1,insContprac2,herdetails,shinyjs-delay-50e880ca6a4bec3ef388c5ff2c995083,infonet,shinyjs-delay-86f199c67611d272627a606d06285f37,infohealth,yearprac2Summer,shinyjs-delay-060f012a172817020b2f896040ddb4cd,herdval,yearprac1Start,dprac2adaptExpend,calvesprac1Sale,cowprac1Sale,shinyjs-delay-3bce798c73c6fbc2d3c630ad2258bcb1,shinyjs-delay-e7e52c2e9e9a17c54a7e06a513487ff9,yearlingdesc,mainPanels,pracStart,sellprac1,insurancePremiumprac1,sellprac2,insurancePremiumprac2,savePracInputs,nextBtnprac,infocows,calfdesc,infocalves,shinyjs-delay-38daf530b75d45a1f28b209161e531e3,yearprac2Start,dprac1adaptExpend,insurance,calvesprac2Sale,cowprac2Sale,Precipitation,,,,,,
1,100,0,1000000,100,0,100,1,1,0,10,0,100,0,1,100,0,1,3231,396,103,10,10,0,Practice Simulation,1,1,,1,,1,1,0,0,0,100,1,2222,0,396,103,0,,,,,,
dprac5adaptExpend,sellprac4,infonet,sellprac5,shinyjs-delay-64f39b5367ca16b593c82fc358166394,shinyjs-delay-a072ec4aa04eca45ba39f365473caa82,yearprac1Summer,cowprac3Sale,insContprac1,insContprac2,yearprac4Summer,insContprac3,yearprac4Start,insContprac4,shinyjs-delay-3422f408d658f0e0da8da96cea2eca18,shinyjs-delay-63132a7494c607fc7ae33fd8ba3d9781,insContprac5,calvesprac2Sale,shinyjs-delay-7177ed6411bb8357ad254adaadb4481e,cowprac2Sale,shinyjs-delay-9e8f51741eb3cb398369a1e062b3111b,yearprac1Start,dprac2adaptExpend,shinyjs-delay-e6f25b1a5d210dfacbd35918f001fa0e,shinyjs-delay-e2ae1d40c03fda6e9caa9924675b19e6,infohealth,shinyjs-delay-ef82e4e01f1655b5d0508459d94c030d,calvesprac5Sale,shinyjs-delay-368c120c165dd7d13aacc73e35f0bca5,yearprac3Summer,savePracInputs,infocows,yearprac5Start,shinyjs-delay-8e5e8d234586571838d0fc3a978548e4,calvesprac1Sale,cowprac1Sale,herdetails,shinyjs-delay-7e09590cbf1d387c58fabe5ae91aa467,nextBtnprac,yearprac2Start,dprac3adaptExpend,insuranceDepositprac1,shinyjs-delay-c3158067dbe31118e45b48d94fdecc9b,insuranceDepositprac3,insuranceDepositprac4,user.ID,cowprac5Sale,calvesprac4Sale
0,1,0,1,10,100,1,35,1,1,1,1,1,1,100,10,1,91,100,22,10,1,0,100,100,0,10,82,100,1,1,0,1,100,528,600,0,100,1,1,0,,10,"$12,221.00",,1000000,21,106
dprac5adaptExpend,sellprac4,infonet,sellprac5,shinyjs-delay-a2b8f7d994f1f319b71a10ff87982b95,shinyjs-delay-0abed233ac562b541436049bad36e50e,yearprac1Summer,cowprac3Sale,insContprac1,insContprac2,yearprac4Summer,insContprac3,yearprac4Start,insContprac4,insContprac5,calvesprac2Sale,cowprac2Sale,shinyjs-delay-959259eabbd9389562a70a455c4ccaff,shinyjs-delay-16ea159496dea93d6154864317619897,yearprac1Start,dprac2adaptExpend,shinyjs-delay-9b4487de2ea1b6c195c873d9e41e1592,infohealth,shinyjs-delay-e3b4b81519ab6924ba0d05ee1fa62984,shinyjs-delay-eb8a1e784b691889f48741e35a2264dd,calvesprac5Sale,yearprac3Summer,shinyjs-delay-0bf3b0d5c5b4c3055c8c269c7a0567fb,savePracInputs,infocows,yearprac5Start,shinyjs-delay-978913878fb3031ddbbf33b9524a33a0,calvesprac1Sale,shinyjs-delay-8931082bbd884612a3865966e364b10e,cowprac1Sale,shinyjs-delay-1f00d341fbaaf877cb7337554535af62,herdetails,nextBtnprac,yearprac2Start,dprac3adaptExpend,insuranceDepositprac1,shinyjs-delay-9c0a3bcfde74c1c95057bead9558d5df,insuranceDepositprac3,insuranceDepositprac4,shinyjs-delay-0ad799c00daf84922c52249d0132f40b,user.ID,cowprac5Sale,calvesprac4Sale
0,1,0,1,100,10,1,103,1,1,1,1,1,1,1,396,103,10,100,1,0,10,0,100,100,396,1,10,1,0,1,100,396,100,103,100,0,1,1,0,,100,,,100,1000000,103,374
mainPanels,dprac4adaptExpend,yearprac4Start,shinyjs-delay-8166f5cc8a207196200b55266eac0355,reset_button,shinyjs-delay-86313355966dbad66aa8cefd65fef663,applyInsChange,code,shinyjs-delay-900d8e94c18f5032ec9125dd5e7375a3,calvesprac1Sale,cowprac3Sale,calfdesc,shinyjs-delay-eacee00cec8920518b1c6d4eb86d674a,shinyjs-delay-c84f3c33846726b6e28a09139e81e00d,user.ID,dprac3adaptExpend,insurance,infohealth,calvesprac2Sale,cowprac4Sale,savePracInputs,shinyjs-delay-4451d954439c56df93c68a183865e060,insContprac1,shinyjs-delay-9b929600244908c89c29383aaeef90e7,insContprac2,shinyjs-delay-ef93b376553bc76ee62f307a3e32a2db,insContprac3,insContprac4,infocash,insContprac5,revenueFromCows,shinyjs-delay-87194106dda4cfd1da0c2d6c48365434,yearprac2Start,shinyjs-delay-275d0957a30f17f0cbb3546c00020b7f,infocalves,insChange,yearprac1Summer,yearprac5Start,dprac5adaptExpend,insuranceDepositprac1,insuranceDepositprac3,insuranceDepositprac4,yearprac2Summer,shinyjs-delay-c583161cd6b97f89705d8e6419fa5580,herdval,infocows,calvesprac3Sale,shinyjs-delay-4c4b7dfea337d13833615427e682215c
Practice Simulation,0,1,10,0,100,0,,10,396,103,0,100,100,1000000,0,0,0,396,103,1,10,1,100,1,100,1,1,0,1,0,100,1,100,0,,1,1,0,,,,1,100,0,0,396,100
dprac5adaptExpend,sellprac4,infonet,sellprac5,shinyjs-delay-536522f9eb5a828aac3a50d7fbfd5037,yearprac1Summer,shinyjs-delay-98053d92e96ffea3f5656da084656b98,cowprac3Sale,insContprac1,shinyjs-delay-2e56cf30ae35ac0e4c1cca1a67c1bc2a,shinyjs-delay-f4a497b78f183654345c544e641e1011,insContprac2,shinyjs-delay-2534f95918e76c71cced42f4cc672ceb,yearprac4Summer,shinyjs-delay-931b785a649c8e7f964ef651bc17fc43,insContprac3,shinyjs-delay-c84a71a41f6be7f25eb4abd65bbfcf83,yearprac4Start,insContprac4,insContprac5,name,code,calvesprac2Sale,cowprac2Sale,shinyjs-delay-353ca77198606158ff306595b330d1d8,yearprac1Start,dprac2adaptExpend,shinyjs-delay-468051404f454c97b75ceccda22042c4,infohealth,reset_button,shinyjs-delay-b2440e2c7f2832bfb8ae5a3d6ff289cf,calvesprac5Sale,yearprac3Summer,savePracInputs,infocows,yearprac5Start,calvesprac1Sale,cowprac1Sale,insChange,herdetails,nextBtnprac,yearprac2Start,dprac3adaptExpend,insuranceDepositprac1,insuranceDepositprac3,insuranceDepositprac4,runCode,revenueFromCows
0,1,0,1,100,1,100,313,1,100,10,1,100,1,100,1,10,1,1,1,,,528,103,100,1,0,10,0,0,100,270,1,1,0,1,396,103,,0,1,1,0,,,,0,0
shinyjs-delay-0220fec90e2293cfa3f5f5dd2b82fca8,dprac5adaptExpend,sellprac4,infonet,sellprac5,shinyjs-delay-56a1dc655dae94734085e374d80d013f,yearprac1Summer,shinyjs-delay-5361ddf37710962cf03af59364b13402,cowprac3Sale,insContprac1,shinyjs-delay-c808ca5c4962e81233c723c61b47e809,insContprac2,yearprac4Summer,insContprac3,yearprac4Start,insContprac4,insContprac5,shinyjs-delay-e1f97bb68734d4b020a177b5cdb1156a,name,code,calvesprac2Sale,cowprac2Sale,shinyjs-delay-49acebd74bfad3cf97f28f77207fcb5c,yearprac1Start,dprac2adaptExpend,shinyjs-delay-eea57a4c4b1975fbb516a08b8307bebc,infohealth,reset_button,shinyjs-delay-e28813e7e63580ba3815ef2d79fda1dc,calvesprac5Sale,yearprac3Summer,savePracInputs,infocows,yearprac5Start,calvesprac1Sale,cowprac1Sale,insChange,shinyjs-delay-b7fa4a3b8a6756e8b67a79988a5d60ef,herdetails,nextBtnprac,yearprac2Start,dprac3adaptExpend,shinyjs-delay-be3c74e5e9fc24f4991465e0d78c0d70,shinyjs-delay-01873ccb9b2d76dbb93f91d874473725,shinyjs-delay-867f560b7e6ac56b10dc59765a5d0bca,shinyjs-delay-09ac41381f3379a605bf3dd323e01140,runCode,shinyjs-delay-89e3d19ec86e481907ea4767b93adc9c
100,0,1,0,1,100,1,100,96,1,100,1,1,1,1,1,1,10,,,396,143,10,1,0,100,0,0,100,374,1,1,0,1,396,103,,100,0,1,1,0,10,100,100,100,0,100
dprac5adaptExpend,sellprac4,infonet,sellprac5,shinyjs-delay-a25903f0ba096b38e0fac8a110164710,yearprac1Summer,shinyjs-delay-a75abfd538ab8ddcbfaa6a5f7e0282bc,shinyjs-delay-17a6f4c039b8b7e425ba850fdcca3494,cowprac3Sale,insContprac1,shinyjs-delay-049735c878760ab66cda1447510efece,insContprac2,yearprac4Summer,insContprac3,yearprac4Start,insContprac4,insContprac5,shinyjs-delay-272ac08412d22d4c2a0d0cd02b96a7f9,name,code,calvesprac2Sale,cowprac2Sale,shinyjs-delay-fcdd491516723cfc7c0cb30a622a12cc,yearprac1Start,dprac2adaptExpend,shinyjs-delay-f5e2a81e51e722cfe77bf221690db330,shinyjs-delay-891bdd9ed2b90d90f01c1b8464e508f7,infohealth,reset_button,calvesprac5Sale,shinyjs-delay-3576210fb20516e9f25241191514b411,yearprac3Summer,shinyjs-delay-34d3ceb819b5db22ef8336e0f44466c2,savePracInputs,shinyjs-delay-ad34a7f86cf9da9b68c31e4c0e3cde23,infocows,yearprac5Start,calvesprac1Sale,cowprac1Sale,insChange,herdetails,nextBtnprac,yearprac2Start,dprac3adaptExpend,shinyjs-delay-11968b66e33f04cce2f3330e11670a4f,runCode,shinyjs-delay-f366263e311bcdc75ae0126fbaa52bec,revenueFromCows
0,1,0,1,100,1,100,100,103,1,10,1,1,1,1,1,1,100,,,396,103,100,1,0,100,10,0,0,386,100,1,100,1,100,0,1,388,103,,0,1,1,0,100,0,10,0
dprac5adaptExpend,sellprac4,infonet,sellprac5,shinyjs-delay-29d75d99663b005955999ef324ab2b7a,shinyjs-delay-59923d35b98cec8d20aeece1d8621faf,yearprac1Summer,cowprac3Sale,insContprac1,insContprac2,yearprac4Summer,insContprac3,yearprac4Start,insContprac4,shinyjs-delay-a4856c45caec806a2c0ff2d7943100f4,insContprac5,name,code,calvesprac2Sale,cowprac2Sale,shinyjs-delay-29550c4ac83e5324e5c4c6c824ac23c7,yearprac1Start,dprac2adaptExpend,infohealth,shinyjs-delay-11523d5471a685db69919874376ae4b1,reset_button,calvesprac5Sale,yearprac3Summer,shinyjs-delay-37c10dcd18cbf9f827f0dabd93a46466,savePracInputs,infocows,yearprac5Start,shinyjs-delay-aa8ae8fbc5bf24cf186c62e4265ebde9,calvesprac1Sale,cowprac1Sale,insChange,shinyjs-delay-eb6ac2d9839883bc956d6f172ef751d9,herdetails,nextBtnprac,yearprac2Start,dprac3adaptExpend,shinyjs-delay-3f70acdfa615d75855ffa76a87e1ee4d,shinyjs-delay-f406c57ace091d39e0a107b921998088,insuranceDepositprac2,insuranceDepositprac3,insuranceDepositprac4,runCode,shinyjs-delay-bbb9233728ea2ecd03c388b546203235
0,1,0,1,100,100,1,103,1,1,1,1,1,1,10,1,,,396,103,10,1,0,0,100,0,386,1,100,1,0,1,100,388,103,,10,0,1,1,0,10,100,,,,0,100
mainPanels,dprac4adaptExpend,shinyjs-delay-4519f133848d86d3af5e17f7bdc3d0f7,yearprac4Start,reset_button,applyInsChange,code,calvesprac1Sale,cowprac3Sale,calfdesc,shinyjs-delay-c1eb82f08733df4cf79946da9b4b408e,user.ID,dprac3adaptExpend,insurance,infohealth,calvesprac2Sale,savePracInputs,cowprac4Sale,shinyjs-delay-822717de7ef95771ee6a5d152361bc84,shinyjs-delay-f3140305406bf69d407c018032b1cee9,insContprac1,shinyjs-delay-8ca6547cebbc925a192e95d3640a73cd,insContprac2,insContprac3,insContprac4,infocash,insContprac5,revenueFromCows,shinyjs-delay-88ad236f61a923375fd8dd62ccb2c244,yearprac2Start,shinyjs-delay-7586c1328fbbd5f52a9918dc76550d64,infocalves,insChange,yearprac1Summer,yearprac5Start,dprac5adaptExpend,insuranceDepositprac2,insuranceDepositprac3,shinyjs-delay-ce224f9b0c0e2cd2790d46f7e77afb8e,insuranceDepositprac4,insuranceDepositprac5,shinyjs-delay-96e5c199c0fda7ed3fe8d7c5621b3a83,yearprac2Summer,shinyjs-delay-b0bdfd74548639131d293457dcabcee2,herdval,shinyjs-delay-fbb95478477adb122aff41df53e509f3,infocows,calvesprac3Sale
Practice Simulation,0,10,1,0,0,,388,103,0,100,1000000,0,0,0,396,1,102,100,100,1,100,1,1,1,0,1,0,10,1,100,0,,1,1,0,,,100,,,10,1,100,0,100,0,388
dprac5adaptExpend,sellprac4,infonet,shinyjs-delay-f13fce63819db313324bfe560823f5d0,sellprac5,shinyjs-delay-fecf9f807809d65bfab75a7af7993dbc,yearprac1Summer,cowprac3Sale,insContprac1,insContprac2,yearprac4Summer,insContprac3,shinyjs-delay-fdabcc297eef93002352c26a34dd0b1d,yearprac4Start,insContprac4,shinyjs-delay-1577bdff2243a4474a56a6e8eaf0d600,insContprac5,shinyjs-delay-4b50d5b18ecf99e721e059b388972299,name,code,calvesprac2Sale,cowprac2Sale,shinyjs-delay-66a0db321e2fed0d9a1dee1143c194d5,shinyjs-delay-67da73e050defc21602cf5ccdf2527c2,yearprac1Start,dprac2adaptExpend,shinyjs-delay-2e0e1b0b1d0c07cb4dcbe920d2fe547a,infohealth,shinyjs-delay-cbc4650428afc125b33fda171a174f65,reset_button,shinyjs-delay-d805527d698b8568c85d272980085ee4,calvesprac5Sale,yearprac3Summer,shinyjs-delay-d3fc1c7ea0cc5f387c5022aa48e639b2,savePracInputs,infocows,yearprac5Start,shinyjs-delay-84c0a16b663a2d2b7dd98be3fef1967d,shinyjs-delay-5ebf079acedc0957370f68025c774b38,calvesprac1Sale,cowprac1Sale,insChange,herdetails,nextBtnprac,yearprac2Start,dprac3adaptExpend,shinyjs-delay-3a30ca8434e2a01e03490bee67450bd9,insuranceDepositprac2
0,1,0,10,1,100,1,36,1,1,1,1,100,1,1,100,1,100,,,68,18,10,100,1,0,10,0,10,0,100,113,1,100,1,0,1,100,100,517,600,,0,1,1,0,100,
shinyjs-delay-aca98c551b97a86e94d2884b3a6db3c4,dprac5adaptExpend,sellprac4,infonet,sellprac5,shinyjs-delay-3b0c6399664c64285853380175a39355,yearprac1Summer,shinyjs-delay-a77bbf8234591e77d3025fe2b07d3827,cowprac3Sale,insContprac1,insContprac2,yearprac4Summer,insContprac3,yearprac4Start,insContprac4,shinyjs-delay-02117fa2d00ce9f00ffa5c60ccacb9a8,shinyjs-delay-0d4a16d8aeea101344eba6005489fcfa,insContprac5,name,code,calvesprac2Sale,cowprac2Sale,shinyjs-delay-3b3b251c7a54a89816ef6a3433705777,yearprac1Start,dprac2adaptExpend,infohealth,reset_button,calvesprac5Sale,yearprac3Summer,shinyjs-delay-29062de667239e526e3c0e7380fd279b,savePracInputs,infocows,yearprac5Start,calvesprac1Sale,cowprac1Sale,insChange,herdetails,nextBtnprac,shinyjs-delay-cb5da69d93e2a0cfa0230ece3d9cc010,yearprac2Start,dprac3adaptExpend,shinyjs-delay-456e6bac7e283e603355f1d591b0ddc2,shinyjs-delay-9292ea057f3bebdfcbfc9220ae8d2046,insuranceDepositprac2,shinyjs-delay-2f600b47091923717115abecc1522cf8,insuranceDepositprac4,runCode,shinyjs-delay-875dce7bda9910b9c713e8b2326752a3
10,0,1,0,1,100,1,100,0,1,1,1,1,1,1,100,100,1,,,0,0,100,1,0,0,0,1609,1,100,1,0,1,0,0,,0,1,100,1,0,100,100,,10,,0,10
dprac5adaptExpend,sellprac4,infonet,sellprac5,shinyjs-delay-3079df28f83e542b9e6d077eaac25470,shinyjs-delay-138ff26bb9bb25af6e68209d39e8f3d0,shinyjs-delay-da80a6f2c69f696cb1f71f403fd175d1,shinyjs-delay-fbf9cb02b3baad7e576556db95dbeaa5,yearprac1Summer,cowprac3Sale,insContprac1,insContprac2,yearprac4Summer,insContprac3,yearprac4Start,insContprac4,shinyjs-delay-441cfc87807c51f28fb17f8c8ce425c0,insContprac5,name,code,calvesprac2Sale,cowprac2Sale,yearprac1Start,dprac2adaptExpend,infohealth,reset_button,shinyjs-delay-818417b77aa990529bf503ef930d5447,calvesprac5Sale,yearprac3Summer,shinyjs-delay-ea00ca6fdf7b9076606df136530293e2,savePracInputs,shinyjs-delay-cf2bec951ebfb39101541f68b033f663,infocows,yearprac5Start,calvesprac1Sale,cowprac1Sale,insChange,herdetails,nextBtnprac,yearprac2Start,dprac3adaptExpend,shinyjs-delay-d838a55b36f70c7ff7b38a208112b7f2,runCode,revenueFromCows,user.ID,shinyjs-delay-00570b3190e16e3eadc66ba0b71538f9,calvesprac4Sale,cowprac5Sale
0,1,0,1,100,100,100,100,1,103,1,1,1,1,1,1,100,1,,,388,103,1,0,0,0,100,393,1,10,1,10,0,1,396,103,,0,1,1,0,10,0,0,2000000,100,384,102
dprac5adaptExpend,sellprac4,infonet,sellprac5,shinyjs-delay-012ff12a16c92b58ee5f2e4b84c3d0eb,shinyjs-delay-f35d37c5c3e20420c7892489805b70c1,shinyjs-delay-03113eac77d8d2211bf4c51ff1474e65,yearprac1Summer,shinyjs-delay-5211a3fbeea8178c788f16b5af1c59a7,shinyjs-delay-f8e6479b37a97cbf1cdeb3a7daa93e58,cowprac3Sale,insContprac1,insContprac2,yearprac4Summer,insContprac3,shinyjs-delay-240d2924437422e617f82335913f9bc7,yearprac4Start,insContprac4,insContprac5,shinyjs-delay-37a00640d30e1ac172bbb8d0b56d058a,calvesprac2Sale,cowprac2Sale,shinyjs-delay-861e6342eb1c7708ec11a01be2722a7b,yearprac1Start,dprac2adaptExpend,shinyjs-delay-6627faa5b02ec8d8224e48454115c13c,infohealth,calvesprac5Sale,shinyjs-delay-ecda659c29d8727b771732531c0ee511,shinyjs-delay-0703519e3d8134620c3059dced13c39f,yearprac3Summer,savePracInputs,shinyjs-delay-cff2358f23d4963f4cab4ccabcb539cc,shinyjs-delay-42034ca5a3446c37d21d3266e0e3b257,infocows,yearprac5Start,calvesprac1Sale,cowprac1Sale,herdetails,nextBtnprac,yearprac2Start,dprac3adaptExpend,shinyjs-delay-54d7f3d5c02e7d35f3d7e63d53ec1a30,insuranceDepositprac2,insuranceDepositprac4,revenueFromCows,user.ID,cowprac5Sale
0,1,0,1,100,10,100,1,100,100,103,1,1,1,1,100,1,1,1,100,396,103,100,1,0,10,0,386,100,100,1,1,100,10,0,1,388,103,0,1,1,0,100,9029,26767,0,1000000,102
shinyjs-delay-41dd2fcf504b2579c537645cd4c7e31d,dprac5adaptExpend,shinyjs-delay-5508c116cd81317b17427bb4fc350abd,sellprac4,infonet,sellprac5,yearprac1Summer,cowprac3Sale,shinyjs-delay-154c83cf40ba89bdd76c0149f894163a,insContprac1,insContprac2,yearprac4Summer,insContprac3,yearprac4Start,insContprac4,shinyjs-delay-d874b534d0d36f1f09f675956fa2dfbe,insContprac5,calvesprac2Sale,shinyjs-delay-2ef6ddfc77e8ea643a4195a14c0f5a69,cowprac2Sale,yearprac1Start,dprac2adaptExpend,shinyjs-delay-a270ea0da29b9189f94dce08532f08c0,infohealth,shinyjs-delay-a7e3871a0167446b92aa1b08e9a1cadf,shinyjs-delay-f7e0cdc5bdb33b560b0594a20946f03f,calvesprac5Sale,yearprac3Summer,savePracInputs,infocows,yearprac5Start,calvesprac1Sale,cowprac1Sale,shinyjs-delay-804d405de37b4ba06da95343b27334cf,herdetails,shinyjs-delay-379b922cd5aee7354dce316d58a2cc77,nextBtnprac,yearprac2Start,dprac3adaptExpend,shinyjs-delay-70a307b66d9978bffdf27fc9f1abf861,insuranceDepositprac2,shinyjs-delay-50fce7760bb9c91688f86fcfba148824,insuranceDepositprac4,shinyjs-delay-f08a11e1f1d101fda0d4a7112d65c4b0,revenueFromCows,shinyjs-delay-ce3771b32f5ad5947d21f51f1b56531d,user.ID,cowprac5Sale
100,0,100,1,0,1,1,103,100,1,1,1,1,1,1,100,1,396,100,103,1,0,10,0,100,10,386,1,1,0,1,388,103,100,0,100,1,1,0,10,9029,100,26767,100,0,100,1000000,102
dprac5adaptExpend,sellprac4,infonet,sellprac5,yearprac1Summer,shinyjs-delay-1215bd744c9d1ca0e0ed3e64fe5f65ac,shinyjs-delay-40bb7f212c51dcd66d561eddcdf4e430,shinyjs-delay-ff8173e4df4c20c2c4949c07d5d7e78d,cowprac3Sale,insContprac1,insContprac2,yearprac4Summer,insContprac3,yearprac4Start,insContprac4,insContprac5,name,code,calvesprac2Sale,cowprac2Sale,shinyjs-delay-f7719d9f5f09e94483e745178ed74a52,yearprac1Start,dprac2adaptExpend,shinyjs-delay-a2c00b4bde7d5c955181367f3b447e02,infohealth,reset_button,calvesprac5Sale,yearprac3Summer,shinyjs-delay-3bfeca29c805d67580332173c5c71b9b,savePracInputs,infocows,yearprac5Start,shinyjs-delay-9217a8eb863a331160058600162f3934,calvesprac1Sale,cowprac1Sale,insChange,herdetails,nextBtnprac,shinyjs-delay-6bb2a1eed3513a3dbe2db3023c13e9bd,shinyjs-delay-3e0f611681a2623946c49ac141dbb3c8,shinyjs-delay-7cc503f697f5ffc90ce10bbffcf608e4,yearprac2Start,dprac3adaptExpend,insuranceDepositprac2,insuranceDepositprac3,insuranceDepositprac4,insuranceDepositprac5,runCode
10000,1,0,1,1,10,100,100,103,1,1,1,1,1,1,1,,,396,103,100,1,10000,100,0,0,396,1,10,1,0,1,100,396,103,,0,1,100,100,100,1,10000,,,,,0
mainPanels,dprac4adaptExpend,yearprac4Start,shinyjs-delay-129575d8e779498bd77bd372d6a2db2c,shinyjs-delay-ef9b3f24ed05bb0f2b5ebefde8f989fd,reset_button,applyInsChange,shinyjs-delay-caa601fd7f194beb8d16d8e0a4debe5d,code,shinyjs-delay-59dcb6187ba63cf5f54e6dd0de05f718,shinyjs-delay-cdddecd89095f11464a371a9551bda52,calvesprac1Sale,cowprac3Sale,calfdesc,shinyjs-delay-bb9f5ed60eba6e9d03ef9ab904b73737,user.ID,dprac3adaptExpend,insurance,shinyjs-delay-345236be6666bc9f05cb9e4104d42b35,infohealth,calvesprac2Sale,savePracInputs,cowprac4Sale,shinyjs-delay-d2e6fe4a5ef9936a97bd97d9e3b8c468,insContprac1,shinyjs-delay-1fbae2c77e61344b2f4b10d6836fe551,insContprac2,insContprac3,insContprac4,infocash,insContprac5,revenueFromCows,shinyjs-delay-f4e97cb045af4d017e3ec54116f8d2c1,yearprac2Start,infocalves,insChange,yearprac1Summer,yearprac5Start,dprac5adaptExpend,insuranceDepositprac2,shinyjs-delay-a8bad1567668cf9ff740ed0b950a2a57,insuranceDepositprac3,insuranceDepositprac4,shinyjs-delay-a802658aef36ffc553b3ff659ac88108,insuranceDepositprac5,yearprac2Summer,shinyjs-delay-ad0876e19c11f99e91a86e5eabe9aa8f,herdval
Practice Simulation,10000,1,100,100,0,0,10,,100,100,396,103,0,100,1000000,10000,0,100,0,396,1,103,100,1,100,1,1,1,0,1,0,100,1,0,,1,1,10000,,100,,,100,,1,100,0
mainPanels,dprac4adaptExpend,yearprac4Start,shinyjs-delay-129575d8e779498bd77bd372d6a2db2c,shinyjs-delay-ef9b3f24ed05bb0f2b5ebefde8f989fd,reset_button,applyInsChange,shinyjs-delay-caa601fd7f194beb8d16d8e0a4debe5d,code,shinyjs-delay-59dcb6187ba63cf5f54e6dd0de05f718,shinyjs-delay-cdddecd89095f11464a371a9551bda52,calvesprac1Sale,cowprac3Sale,calfdesc,shinyjs-delay-bb9f5ed60eba6e9d03ef9ab904b73737,user.ID,dprac3adaptExpend,insurance,shinyjs-delay-345236be6666bc9f05cb9e4104d42b35,infohealth,calvesprac2Sale,savePracInputs,cowprac4Sale,shinyjs-delay-d2e6fe4a5ef9936a97bd97d9e3b8c468,insContprac1,shinyjs-delay-1fbae2c77e61344b2f4b10d6836fe551,insContprac2,insContprac3,insContprac4,infocash,insContprac5,revenueFromCows,shinyjs-delay-f4e97cb045af4d017e3ec54116f8d2c1,yearprac2Start,infocalves,insChange,yearprac1Summer,yearprac5Start,dprac5adaptExpend,insuranceDepositprac2,shinyjs-delay-a8bad1567668cf9ff740ed0b950a2a57,insuranceDepositprac3,insuranceDepositprac4,shinyjs-delay-a802658aef36ffc553b3ff659ac88108,insuranceDepositprac5,yearprac2Summer,shinyjs-delay-ad0876e19c11f99e91a86e5eabe9aa8f,herdval
Practice Simulation,10000,1,100,100,0,0,10,,100,100,396,103,0,100,1000000,10000,0,100,0,396,2,103,100,1,100,1,1,1,0,1,0,100,1,0,,1,1,10000,,100,,,100,,1,100,0
mainPanels,dprac4adaptExpend,yearprac4Start,reset_button,applyInsChange,code,calvesprac1Sale,cowprac3Sale,calfdesc,shinyjs-delay-2d3d875ee238465e69cdbed35dbd8c61,shinyjs-delay-64005ec63db39fa6d135b21b41ae3563,shinyjs-delay-12e7e8826597696317068752da891812,user.ID,dprac3adaptExpend,insurance,infohealth,calvesprac2Sale,cowprac4Sale,savePracInputs,shinyjs-delay-03b92028b65d9e304ac0e12afaa53ff4,insContprac1,shinyjs-delay-fd331f201d045023516e041f0aab8571,insContprac2,insContprac3,insContprac4,infocash,shinyjs-delay-08da166a236fc25b9c362e0e939dfa39,insContprac5,revenueFromCows,shinyjs-delay-36c0110e95b47c4fe6422f05437dc16b,yearprac2Start,infocalves,insChange,shinyjs-delay-2f3b3215cb22ee4d9a35bc61db61fcd8,yearprac1Summer,shinyjs-delay-82274eb1ebf71f60de0ff80a58b48c2b,yearprac5Start,dprac5adaptExpend,shinyjs-delay-423c46410794fc5bbf2664ae666447a4,insuranceDepositprac2,insuranceDepositprac3,insuranceDepositprac4,insuranceDepositprac5,shinyjs-delay-771d0024c8caef16fc07717cd14593f8,yearprac2Summer,herdval,infocows,calvesprac3Sale
Practice Simulation,10000,1,0,0,,396,103,0,100,100,100,1000000,10000,0,0,396,103,1,100,1,100,1,1,1,0,100,1,0,10,1,0,,100,1,10,1,10000,100,,,,,100,1,0,0,396
dprac5adaptExpend,sellprac4,infonet,sellprac5,shinyjs-delay-10f80be5cfa64043883487402704f7e5,yearprac1Summer,cowprac3Sale,insContprac1,shinyjs-delay-7a556ebeba7e1d2bc94b62cc4a699fc9,insContprac2,yearprac4Summer,insContprac3,yearprac4Start,insContprac4,insContprac5,name,code,calvesprac2Sale,cowprac2Sale,shinyjs-delay-58ad0af16534c8dbe917cfae89ed4db3,yearprac1Start,dprac2adaptExpend,shinyjs-delay-1f10064d02d81e7b5df9ac5c05750905,infohealth,reset_button,calvesprac5Sale,yearprac3Summer,savePracInputs,shinyjs-delay-a00a1099160dc2ca75242f33f6e982cc,infocows,yearprac5Start,shinyjs-delay-5c69a68deedd4584b4dc1a0a2901319d,shinyjs-delay-0bf69159dd80ca8464fb924cbf16464e,calvesprac1Sale,shinyjs-delay-2e4195b47ad8a0dbb21245511759de4a,cowprac1Sale,insChange,herdetails,nextBtnprac,yearprac2Start,dprac3adaptExpend,shinyjs-delay-9b9497a3f2cb66da20368d40dba13621,shinyjs-delay-65ee5e17fedc19877021bad4fa112756,insuranceDepositprac2,insuranceDepositprac3,insuranceDepositprac4,shinyjs-delay-95eaeaaaca1b1a85eb314799bcfc2d61,insuranceDepositprac5
10000,1,0,1,100,1,103,1,100,1,1,1,1,1,1,,,396,103,100,1,10000,100,0,0,396,1,1,100,0,1,10,100,396,100,103,,0,1,1,10000,10,10,,,,100,
mainPanels,dprac4adaptExpend,yearprac4Start,shinyjs-delay-b7c60b748f489f7f96172b057bb00ce9,reset_button,applyInsChange,code,fileName,calvesprac1Sale,cowprac3Sale,calfdesc,user.ID,dprac3adaptExpend,insurance,shinyjs-delay-58dd4db7b39e39f8544c1d0b8ba842cd,infohealth,shinyjs-delay-de0f0f4a1ec9e184da32526aec8a489b,saveState,calvesprac2Sale,shinyjs-delay-913c4ef04421fc1708adb205d3e4c3ff,shinyjs-delay-77afd8b2f34987e2f584722652aadb84,cowprac4Sale,savePracInputs,shinyjs-delay-9a3e4b69e355229f04a30a349088757c,insContprac1,shinyjs-delay-8992e3523b2009a1563a18e007008200,insContprac2,insContprac3,insContprac4,infocash,insContprac5,revenueFromCows,yearprac2Start,infocalves,insChange,yearprac1Summer,yearprac5Start,dprac5adaptExpend,shinyjs-delay-10ea12a9bd56a8ed00b53a28376044d3,insuranceDepositprac2,shinyjs-delay-b79ec268eaaf306f00b66b5d8b1f3aee,insuranceDepositprac4,shinyjs-delay-961735171afc74405979ad0ba4d7e2ca,shinyjs-delay-d934d35065640d566f41affd19fc9e94,yearprac2Summer,herdval,infocows,calvesprac3Sale
Practice Simulation,0,1,100,0,0,,,388,103,0,100000,0,0,10,0,100,0,385,100,100,102,1,100,1,100,1,1,1,0,1,0,1,0,,1,1,0,10,,100,,100,100,1,0,0,388
dprac5adaptExpend,shinyjs-delay-454922e793ea21c6cd9980ee38e14a68,sellprac4,infonet,shinyjs-delay-133c973dd16cffddf6cf60d9ab7c56fd,sellprac5,yearprac1Summer,cowprac3Sale,insContprac1,insContprac2,yearprac4Summer,insContprac3,yearprac4Start,insContprac4,insContprac5,name,code,calvesprac2Sale,cowprac2Sale,shinyjs-delay-e724f579e30ea5808713ccaaf167ec7c,yearprac1Start,dprac2adaptExpend,shinyjs-delay-fe3056e490b0c422f90782d134da8f3c,infohealth,shinyjs-delay-4442f2b2b57c129d2960e67ee8a2f7de,reset_button,calvesprac5Sale,yearprac3Summer,savePracInputs,infocows,yearprac5Start,calvesprac1Sale,shinyjs-delay-f53cb0f530bb2280abad795a95b3a4da,cowprac1Sale,insChange,shinyjs-delay-61f824b507184065d0603cc5051478d6,herdetails,shinyjs-delay-d05b39b2faab33c978516fb3dd8dcc33,nextBtnprac,yearprac2Start,dprac3adaptExpend,insuranceDepositprac2,insuranceDepositprac4,runCode,saveState,shinyjs-delay-54501467c60dfe52d5f5320c0d7bbb63,revenueFromCows,user.ID
0,100,1,0,100,1,1,103,1,1,1,1,1,1,1,,,385,103,100,1,0,100,0,100,0,384,1,1,0,1,388,100,103,,100,0,100,1,1,0,,,0,0,100,0,1000000
mainPanels,dprac4adaptExpend,yearprac4Start,reset_button,shinyjs-delay-b43c8177b2c87af5eab7cf51774b1dbc,applyInsChange,code,fileName,shinyjs-delay-13d850de400a08cdc460894d3aab3c6f,calvesprac1Sale,cowprac3Sale,calfdesc,shinyjs-delay-4e427d34d95e0c03e63fe0e032e00f78,shinyjs-delay-e72deb02134e43351e13f372a51376e3,user.ID,dprac3adaptExpend,insurance,infohealth,saveState,calvesprac2Sale,cowprac4Sale,savePracInputs,shinyjs-delay-33c7f909011b9048b463a800b9797114,shinyjs-delay-054f25e201af26122aee3d2e67a83a1c,insContprac1,insContprac2,insContprac3,insContprac4,infocash,insContprac5,shinyjs-delay-b72d7df952f32b801b150f1d5e1f0b5b,revenueFromCows,shinyjs-delay-7c6094e7d7cc5e7b79feb399548456a9,yearprac2Start,infocalves,insChange,yearprac1Summer,yearprac5Start,dprac5adaptExpend,shinyjs-delay-ff1d270ad3ccc057b68d7609b2e55815,insuranceDepositprac2,shinyjs-delay-52942ab49b937ac45ff5de7fa23687cd,insuranceDepositprac4,yearprac2Summer,herdval,infocows,calvesprac3Sale,shinyjs-delay-eca83ff0c6ebde08d21e44290b12c0bb
Practice Simulation,0,1,0,100,0,,,100,388,103,0,100,100,1000000,0,0,0,0,385,102,1,10,10,1,1,1,1,0,1,100,0,100,1,0,,1,1,0,10,,10,,1,0,0,388,100
dprac5adaptExpend,sellprac4,infonet,sellprac5,shinyjs-delay-b95a7bc621cfd6ec14ad0e7294f7dace,yearprac1Summer,cowprac3Sale,insContprac1,insContprac2,yearprac4Summer,insContprac3,shinyjs-delay-db886aec434951a467d62acfd04c668c,shinyjs-delay-9ea2e2b3699d0cc21db11c776324f318,yearprac4Start,insContprac4,insContprac5,name,code,calvesprac2Sale,cowprac2Sale,yearprac1Start,dprac2adaptExpend,infohealth,reset_button,shinyjs-delay-479a2ab7060d453f175143951d6eb40f,calvesprac5Sale,yearprac3Summer,savePracInputs,infocows,yearprac5Start,calvesprac1Sale,cowprac1Sale,insChange,herdetails,nextBtnprac,yearprac2Start,dprac3adaptExpend,insuranceDepositprac2,shinyjs-delay-802e2bf50e5381b04024fc99b619a3c3,shinyjs-delay-899f5a15257d38bc3596e25e82721608,insuranceDepositprac4,shinyjs-delay-04898f795646b6e33e12f40f39eb536e,runCode,saveState,revenueFromCows,user.ID,cowprac5Sale,calvesprac4Sale
0,1,0,1,100,1,103,1,1,1,1,10,100,1,1,1,,,385,103,1,0,0,0,100,384,1,1,0,1,388,103,,0,1,1,0,,100,100,,100,0,0,0,1000000,102,374
